# Test data

-- Insert roles
insert into roles (id, created_at, description, name, slug, updated_at)
values  (0xDCAC3235057A11F09F72005056586FFC, '2025-03-20 12:02:49.000000', 'Non-professional individual who assist with patient care', 'CAREGIVER', 'caregiver', '2025-03-20 12:02:49.000000'),
        (0xDCBF32AF057A11F09F72005056586FFC, '2025-03-20 12:02:49.000000', 'A medical professional delivering care to a patient', 'HEALTHCARE-PROVIDER', 'healthcare-provider', '2025-03-20 12:02:49.000000'),
        (0xDCF0E186057A11F09F72005056586FFC, '2025-03-20 12:02:49.000000', 'A person receiving medical treatment and care', 'PATIENT', 'patient', '2025-03-20 12:02:49.000000'),
        (0xDD1069F8057A11F09F72005056586FFC, '2025-03-20 12:02:50.000000', 'A person responsible for managing the application', 'ADMINISTRATOR', 'admin', '2025-03-20 12:02:50.000000'),
        (0xDD6138CE057A11F09F72005056586FFC, '2025-03-20 12:02:50.000000', 'Team owner with full permissions', 'OWNER', 'owner', '2025-03-20 12:02:50.000000');

-- Insert permissions
insert into care_hub.permissions (id, created_at, description, name, updated_at)
values  (0xDE05DF95057A11F09F72005056586FFC, '2025-03-20 12:02:51.000000', 'Create new appointments', 'create:appointments', '2025-03-20 12:02:51.000000'),
        (0xDE34C60F057A11F09F72005056586FFC, '2025-03-20 12:02:52.000000', 'View appointments', 'read:appointments', '2025-03-20 12:02:52.000000'),
        (0xDE449709057A11F09F72005056586FFC, '2025-03-20 12:02:52.000000', 'Modify existing appointments', 'update:appointments', '2025-03-20 12:02:52.000000'),
        (0xDE58FCB5057A11F09F72005056586FFC, '2025-03-20 12:02:52.000000', 'Cancel or remove appointments', 'delete:appointments', '2025-03-20 12:02:52.000000'),
        (0xDE81330A057A11F09F72005056586FFC, '2025-03-20 12:02:52.000000', 'Add new medication details', 'add:medications', '2025-03-20 12:02:52.000000'),
        (0xDE95ED8B057A11F09F72005056586FFC, '2025-03-20 12:02:52.000000', 'View patient medication records', 'read:medications', '2025-03-20 12:02:52.000000'),
        (0xDEA6D5BA057A11F09F72005056586FFC, '2025-03-20 12:02:52.000000', 'Update medication details', 'update:medications', '2025-03-20 12:02:52.000000'),
        (0xDEDAC08E057A11F09F72005056586FFC, '2025-03-20 12:02:53.000000', 'Remove medications from records', 'delete:medications', '2025-03-20 12:02:53.000000'),
        (0xDEEC66B1057A11F09F72005056586FFC, '2025-03-20 12:02:53.000000', 'Creat a new tasks', 'create:tasks', '2025-03-20 12:02:53.000000'),
        (0xDF0D7835057A11F09F72005056586FFC, '2025-03-20 12:02:53.000000', 'View assigned tasks', 'read:tasks', '2025-03-20 12:02:53.000000'),
        (0xDF2A8210057A11F09F72005056586FFC, '2025-03-20 12:02:53.000000', 'Modify task details or status', 'update:tasks', '2025-03-20 12:02:53.000000'),
        (0xDF3C6DE3057A11F09F72005056586FFC, '2025-03-20 12:02:53.000000', 'Remove completed or obsolete tasks', 'delete:tasks', '2025-03-20 12:02:53.000000'),
        (0xDF4D8CE4057A11F09F72005056586FFC, '2025-03-20 12:02:53.000000', 'Assign tasks to members', 'assign:tasks', '2025-03-20 12:02:53.000000'),
        (0xDF797785057A11F09F72005056586FFC, '2025-03-20 12:02:54.000000', 'Complete an ongoing task', 'complete:tasks', '2025-03-20 12:02:54.000000'),
        (0xDF8E7138057A11F09F72005056586FFC, '2025-03-20 12:02:54.000000', 'Write new patient care notes', 'create:notes', '2025-03-20 12:02:54.000000'),
        (0xDFAE1D68057A11F09F72005056586FFC, '2025-03-20 12:02:54.000000', 'Read existing notes', 'read:notes', '2025-03-20 12:02:54.000000'),
        (0xDFCA9498057A11F09F72005056586FFC, '2025-03-20 12:02:54.000000', 'Edit previously written notes', 'update:notes', '2025-03-20 12:02:54.000000'),
        (0xDFEF05D8057A11F09F72005056586FFC, '2025-03-20 12:02:54.000000', 'Remove notes', 'delete:notes', '2025-03-20 12:02:54.000000'),
        (0xE01B416D057A11F09F72005056586FFC, '2025-03-20 12:02:55.000000', 'View patient vital signs', 'read:vitals', '2025-03-20 12:02:55.000000'),
        (0xE04DC8DE057A11F09F72005056586FFC, '2025-03-20 12:02:55.000000', 'Update patient vital signs records', 'create:vitals', '2025-03-20 12:02:55.000000'),
        (0xE069E71B057A11F09F72005056586FFC, '2025-03-20 12:02:55.000000', 'Delete patient vital signs records', 'delete:vitals', '2025-03-20 12:02:55.000000'),
        (0xE07C54CA057A11F09F72005056586FFC, '2025-03-20 12:02:55.000000', 'Fully manage the team, its members, and resources', 'manage:team', '2025-03-20 12:02:55.000000');


-- Insert role-permission ids
insert into care_hub.role_permission (role_id, permission_id)
values  (0xDCAC3235057A11F09F72005056586FFC, 0xDE05DF95057A11F09F72005056586FFC),
        (0xDCBF32AF057A11F09F72005056586FFC, 0xDE05DF95057A11F09F72005056586FFC),
        (0xDCF0E186057A11F09F72005056586FFC, 0xDE05DF95057A11F09F72005056586FFC),
        (0xDCAC3235057A11F09F72005056586FFC, 0xDE34C60F057A11F09F72005056586FFC),
        (0xDCBF32AF057A11F09F72005056586FFC, 0xDE34C60F057A11F09F72005056586FFC),
        (0xDCF0E186057A11F09F72005056586FFC, 0xDE449709057A11F09F72005056586FFC),
        (0xDCAC3235057A11F09F72005056586FFC, 0xDE449709057A11F09F72005056586FFC),
        (0xDCBF32AF057A11F09F72005056586FFC, 0xDE449709057A11F09F72005056586FFC),
        (0xDCF0E186057A11F09F72005056586FFC, 0xDE449709057A11F09F72005056586FFC),
        (0xDCAC3235057A11F09F72005056586FFC, 0xDE58FCB5057A11F09F72005056586FFC),
        (0xDCBF32AF057A11F09F72005056586FFC, 0xDE58FCB5057A11F09F72005056586FFC),
        (0xDCF0E186057A11F09F72005056586FFC, 0xDE58FCB5057A11F09F72005056586FFC),
        (0xDCBF32AF057A11F09F72005056586FFC, 0xDE81330A057A11F09F72005056586FFC),
        (0xDCAC3235057A11F09F72005056586FFC, 0xDE95ED8B057A11F09F72005056586FFC),
        (0xDCBF32AF057A11F09F72005056586FFC, 0xDE95ED8B057A11F09F72005056586FFC),
        (0xDCF0E186057A11F09F72005056586FFC, 0xDE95ED8B057A11F09F72005056586FFC),
        (0xDCBF32AF057A11F09F72005056586FFC, 0xDEA6D5BA057A11F09F72005056586FFC),
        (0xDCBF32AF057A11F09F72005056586FFC, 0xDEEC66B1057A11F09F72005056586FFC),
        (0xDCAC3235057A11F09F72005056586FFC, 0xDF0D7835057A11F09F72005056586FFC),
        (0xDCBF32AF057A11F09F72005056586FFC, 0xDF0D7835057A11F09F72005056586FFC),
        (0xDCBF32AF057A11F09F72005056586FFC, 0xDF2A8210057A11F09F72005056586FFC),
        (0xDCBF32AF057A11F09F72005056586FFC, 0xDF3C6DE3057A11F09F72005056586FFC),
        (0xDCBF32AF057A11F09F72005056586FFC, 0xDF4D8CE4057A11F09F72005056586FFC),
        (0xDCBF32AF057A11F09F72005056586FFC, 0xDF797785057A11F09F72005056586FFC),
        (0xDCAC3235057A11F09F72005056586FFC, 0xDF797785057A11F09F72005056586FFC),
        (0xDCAC3235057A11F09F72005056586FFC, 0xDF8E7138057A11F09F72005056586FFC),
        (0xDCBF32AF057A11F09F72005056586FFC, 0xDF8E7138057A11F09F72005056586FFC),
        (0xDCF0E186057A11F09F72005056586FFC, 0xDF8E7138057A11F09F72005056586FFC),
        (0xDCAC3235057A11F09F72005056586FFC, 0xDFAE1D68057A11F09F72005056586FFC),
        (0xDCBF32AF057A11F09F72005056586FFC, 0xDFAE1D68057A11F09F72005056586FFC),
        (0xDCF0E186057A11F09F72005056586FFC, 0xDFAE1D68057A11F09F72005056586FFC),
        (0xDCAC3235057A11F09F72005056586FFC, 0xDFCA9498057A11F09F72005056586FFC),
        (0xDCBF32AF057A11F09F72005056586FFC, 0xDFCA9498057A11F09F72005056586FFC),
        (0xDCF0E186057A11F09F72005056586FFC, 0xDFCA9498057A11F09F72005056586FFC),
        (0xDCAC3235057A11F09F72005056586FFC, 0xDFEF05D8057A11F09F72005056586FFC),
        (0xDCBF32AF057A11F09F72005056586FFC, 0xDFEF05D8057A11F09F72005056586FFC),
        (0xDCF0E186057A11F09F72005056586FFC, 0xDFEF05D8057A11F09F72005056586FFC),
        (0xDCBF32AF057A11F09F72005056586FFC, 0xE01B416D057A11F09F72005056586FFC),
        (0xDCBF32AF057A11F09F72005056586FFC, 0xE04DC8DE057A11F09F72005056586FFC),
        (0xDD1069F8057A11F09F72005056586FFC, 0xDE81330A057A11F09F72005056586FFC),
        (0xDD1069F8057A11F09F72005056586FFC, 0xDF4D8CE4057A11F09F72005056586FFC),
        (0xDD1069F8057A11F09F72005056586FFC, 0xDF797785057A11F09F72005056586FFC),
        (0xDD1069F8057A11F09F72005056586FFC, 0xDE05DF95057A11F09F72005056586FFC),
        (0xDD1069F8057A11F09F72005056586FFC, 0xDF8E7138057A11F09F72005056586FFC),
        (0xDD1069F8057A11F09F72005056586FFC, 0xDEEC66B1057A11F09F72005056586FFC),
        (0xDD1069F8057A11F09F72005056586FFC, 0xE04DC8DE057A11F09F72005056586FFC),
        (0xDD1069F8057A11F09F72005056586FFC, 0xDE58FCB5057A11F09F72005056586FFC),
        (0xDD1069F8057A11F09F72005056586FFC, 0xDEDAC08E057A11F09F72005056586FFC),
        (0xDD1069F8057A11F09F72005056586FFC, 0xDFEF05D8057A11F09F72005056586FFC),
        (0xDD1069F8057A11F09F72005056586FFC, 0xDF3C6DE3057A11F09F72005056586FFC),
        (0xDD1069F8057A11F09F72005056586FFC, 0xE069E71B057A11F09F72005056586FFC),
        (0xDD1069F8057A11F09F72005056586FFC, 0xE07C54CA057A11F09F72005056586FFC),
        (0xDD1069F8057A11F09F72005056586FFC, 0xDE34C60F057A11F09F72005056586FFC),
        (0xDD1069F8057A11F09F72005056586FFC, 0xDE95ED8B057A11F09F72005056586FFC),
        (0xDD1069F8057A11F09F72005056586FFC, 0xDFAE1D68057A11F09F72005056586FFC),
        (0xDD1069F8057A11F09F72005056586FFC, 0xDF0D7835057A11F09F72005056586FFC),
        (0xDD1069F8057A11F09F72005056586FFC, 0xE01B416D057A11F09F72005056586FFC),
        (0xDD1069F8057A11F09F72005056586FFC, 0xDE449709057A11F09F72005056586FFC),
        (0xDD1069F8057A11F09F72005056586FFC, 0xDEA6D5BA057A11F09F72005056586FFC),
        (0xDD1069F8057A11F09F72005056586FFC, 0xDFCA9498057A11F09F72005056586FFC),
        (0xDD1069F8057A11F09F72005056586FFC, 0xDF2A8210057A11F09F72005056586FFC),
        (0xDD6138CE057A11F09F72005056586FFC, 0xDE81330A057A11F09F72005056586FFC),
        (0xDD6138CE057A11F09F72005056586FFC, 0xDF4D8CE4057A11F09F72005056586FFC),
        (0xDD6138CE057A11F09F72005056586FFC, 0xDF797785057A11F09F72005056586FFC),
        (0xDD6138CE057A11F09F72005056586FFC, 0xDE05DF95057A11F09F72005056586FFC),
        (0xDD6138CE057A11F09F72005056586FFC, 0xDF8E7138057A11F09F72005056586FFC),
        (0xDD6138CE057A11F09F72005056586FFC, 0xDEEC66B1057A11F09F72005056586FFC),
        (0xDD6138CE057A11F09F72005056586FFC, 0xE04DC8DE057A11F09F72005056586FFC),
        (0xDD6138CE057A11F09F72005056586FFC, 0xDE58FCB5057A11F09F72005056586FFC),
        (0xDD6138CE057A11F09F72005056586FFC, 0xDEDAC08E057A11F09F72005056586FFC),
        (0xDD6138CE057A11F09F72005056586FFC, 0xDFEF05D8057A11F09F72005056586FFC),
        (0xDD6138CE057A11F09F72005056586FFC, 0xDF3C6DE3057A11F09F72005056586FFC),
        (0xDD6138CE057A11F09F72005056586FFC, 0xE069E71B057A11F09F72005056586FFC),
        (0xDD6138CE057A11F09F72005056586FFC, 0xE07C54CA057A11F09F72005056586FFC),
        (0xDD6138CE057A11F09F72005056586FFC, 0xDE34C60F057A11F09F72005056586FFC),
        (0xDD6138CE057A11F09F72005056586FFC, 0xDE95ED8B057A11F09F72005056586FFC),
        (0xDD6138CE057A11F09F72005056586FFC, 0xDFAE1D68057A11F09F72005056586FFC),
        (0xDD6138CE057A11F09F72005056586FFC, 0xDF0D7835057A11F09F72005056586FFC),
        (0xDD6138CE057A11F09F72005056586FFC, 0xE01B416D057A11F09F72005056586FFC),
        (0xDD6138CE057A11F09F72005056586FFC, 0xDE449709057A11F09F72005056586FFC),
        (0xDD6138CE057A11F09F72005056586FFC, 0xDEA6D5BA057A11F09F72005056586FFC),
        (0xDD6138CE057A11F09F72005056586FFC, 0xDFCA9498057A11F09F72005056586FFC),
        (0xDD6138CE057A11F09F72005056586FFC, 0xDF2A8210057A11F09F72005056586FFC);


-- Insert cities
insert into cities (id, created_at, name)
values  (0x4F94E5DF50C544CAAA9C5D001A229F70, '2024-12-13 15:38:54.340352', 'Lyon'),
        (0xBA6217F065064B048E5ABFC8A71F17E8, '2024-12-13 15:39:37.234017', 'Paris'),
        (0xF0858BD84BFB48B9BD03F73E65CA9790, '2024-12-13 15:38:25.606809', 'Marseille'),
        (0xFBB0774DB9AC4C7C83EC4A6AD81BB731, '2024-12-13 15:39:05.499292', 'Toulouse');

-- Insert countries
insert into countries (id, created_at, name)
values  (0x04A6DD7F672D4508B8F4A65039E60582, '2024-12-13 15:38:25.640767', 'France');

-- Insert addresses
insert into addresses (id, created_at, postal_code, street, city_id, country_id)
values  (0x2991B3CC7AFD4CA4AE533ED0E367B011, '2024-12-13 15:39:17.225660', '69001', '15 Quai Jean Moulin', 0x4F94E5DF50C544CAAA9C5D001A229F70, 0x04A6DD7F672D4508B8F4A65039E60582),
        (0x43A568440D4940C0BAB0D980C33065A4, '2024-12-13 15:38:42.836025', '13002', '10 Rue de la République', 0xF0858BD84BFB48B9BD03F73E65CA9790, 0x04A6DD7F672D4508B8F4A65039E60582),
        (0x709684E58EAD4C5B98DDCC4F22021D89, '2024-12-13 15:38:54.344241', '69003', '45 Rue de Bonnel', 0x4F94E5DF50C544CAAA9C5D001A229F70, 0x04A6DD7F672D4508B8F4A65039E60582),
        (0x995812DB7336410DABC03E94BF9670AE, '2024-12-13 15:39:27.486860', '13002', '12 Rue de la République', 0xF0858BD84BFB48B9BD03F73E65CA9790, 0x04A6DD7F672D4508B8F4A65039E60582),
        (0xD3ACFB8D721848049704F46A91B06DFB, '2024-12-13 15:39:37.237828', '75012', '22 Rue de Bercy', 0xBA6217F065064B048E5ABFC8A71F17E8, 0x04A6DD7F672D4508B8F4A65039E60582),
        (0xF4DDC0F948D7479CB54B47F8D6D003FC, '2024-12-13 15:39:05.503619', '31500', '30 Avenue Jean Rieux', 0xFBB0774DB9AC4C7C83EC4A6AD81BB731, 0x04A6DD7F672D4508B8F4A65039E60582),
        (0xFED4806B94EF471494E5840F3DAA787D, '2024-12-13 15:38:25.649939', '13002', '10 Rue de la République', 0xF0858BD84BFB48B9BD03F73E65CA9790, 0x04A6DD7F672D4508B8F4A65039E60582);

-- Insert users
insert into users (id, birth_date, created_at, email, first_name, last_name, photo, updated_at, address_id)
values  (0x17E698FF56B4491DA5159F5720DF9771, '1984-03-12', '2024-12-13 15:39:37.237615', 'sophie.dubois@yopmail.fr', 'Sophie', 'Dubois', null, '2024-12-13 15:39:37.237615', 0xD3ACFB8D721848049704F46A91B06DFB),
        (0x22595CCACA8E42EB933B2AFB909DEA5C, '1994-08-15', '2024-12-13 15:39:17.225409', 'maria.rodriguez@yopmail.fr', 'Maria', 'Rodriguez', null, '2024-12-13 15:39:17.225409', 0x2991B3CC7AFD4CA4AE533ED0E367B011),
        (0x3ADA0EEA010E457FA3B9CD33B522A823, '1957-08-30', '2024-12-13 15:39:27.486552', 'pierre.martin@yopmail.fr', 'Pierre', 'Martin', null, '2024-12-13 15:39:27.486552', 0x995812DB7336410DABC03E94BF9670AE),
        (0x4A931A971CCF48FAAFE044E9EB41AB62, '1986-07-15', '2024-12-13 15:38:54.343936', 'didier.ndiaye@yopmail.fr', 'Didier', 'N''Diaye', null, '2024-12-13 15:38:54.343936', 0x709684E58EAD4C5B98DDCC4F22021D89),
        (0x60C06F8B2B904A3DAED44DC6EEEB0DB2, '1959-04-20', '2024-12-13 15:38:42.835752', 'charles.ndiaye@yopmail.fr', 'Charles', 'N''Diaye', null, '2024-12-13 15:38:42.835752', 0x43A568440D4940C0BAB0D980C33065A4),
        (0x73669C50DC104395AF1146738AF40214, '1962-11-05', '2024-12-13 15:38:25.644501', 'awa.ndiaye@yopmail.fr', 'Awa', 'N''Diaye', null, '2024-12-13 15:38:25.644501', 0xFED4806B94EF471494E5840F3DAA787D),
        (0x987D721A07DA45E8AC471276C13F6FD9, '1989-02-10', '2024-12-13 15:39:05.503295', 'malik.ndiaye@yopmail.fr', 'Malik', 'N''Diaye', null, '2024-12-13 15:39:05.503295', 0xF4DDC0F948D7479CB54B47F8D6D003FC),
        (0x11C0A2A6CE724736BA30A39F6113C916, '1979-04-22', '2025-03-20 11:41:10.127757', 'jean.dupont@yopmail.fr', 'Jean', 'Dupont', null, '2025-03-20 11:41:10.127757', 0x1151E8A4BDA847EB9DEBAE43E8DDE4C6);


-- Insert credentials
insert into credentials (id, created_at, password, updated_at, user_id)
values  (0x31DAA2026F2848C388CCC845A18217E5, '2024-12-13 15:38:42.916641', '$2a$10$fZRWIr67xsry3WBszUmAK.UpxgU1OuLaOsZMDlvjtKV.i1Gmvlj8a', '2024-12-13 15:38:42.916641', 0x60C06F8B2B904A3DAED44DC6EEEB0DB2),
        (0x4144272BF3164678B20F64F2685A4348, '2024-12-13 15:39:17.308490', '$2a$10$7bcKMTXd4CnHMqpZH91neujl5XnPAONGuQVpJ3lmEPUlyjdo6vsKa', '2024-12-13 15:39:17.308490', 0x22595CCACA8E42EB933B2AFB909DEA5C),
        (0x8FA23E4C4819485A9D102D0097847FA6, '2024-12-13 15:39:27.567058', '$2a$10$iAQ5W9LIRegeEBXnfj3KJeZV1ieHbVVGff7BwJZThMqHDNJkfBrxm', '2024-12-13 15:39:27.567058', 0x3ADA0EEA010E457FA3B9CD33B522A823),
        (0x92891A0B2F564A3C8689B6ED6EC4E62B, '2024-12-13 15:39:05.587820', '$2a$10$t26Dkp5/iHZiNFRwftbLMebzhT8DE5BTGfvvIIS2vSW/mUBfzPcYC', '2024-12-13 15:39:05.587820', 0x987D721A07DA45E8AC471276C13F6FD9),
        (0xA61635EB936E45D68305B4E8D42849F8, '2024-12-13 15:38:25.892495', '$2a$10$tlJuyTT95EuAuXAnOHArbe/47CPSm7kwb.OLVGRO5u4zfwEDhxx2.', '2024-12-13 15:38:25.892495', 0x73669C50DC104395AF1146738AF40214),
        (0xB30A7F89A81F47DC975D85935E6ACF04, '2024-12-13 15:38:54.436871', '$2a$10$PDKs0ECWc7Xnd2pStpJ8v.UStC4emVf2RKQAJ64x04Aps1pvX9T8q', '2024-12-13 15:38:54.436871', 0x4A931A971CCF48FAAFE044E9EB41AB62),
        (0xF4A80756087F47779B66E5124CE78EF4, '2024-12-13 15:39:37.321733', '$2a$10$d8BrQIxJg2FSI0A6208gW.asQ18hrvuY6YoCgNgP0qrFZC2VTkbha', '2024-12-13 15:39:37.321733', 0x17E698FF56B4491DA5159F5720DF9771),
        (0x1B8F5265653842DB868F57DD3D3D5FCE, '2025-03-20 11:41:10.232997', '$2a$10$BGbedAo/A8RyUncfFVa.6OlzwGZkE1333nKmgWofeXRp.80NmZ/66', '2025-03-20 11:41:10.232997', 0x11C0A2A6CE724736BA30A39F6113C916);

INSERT INTO teams (id, created_at, description, name, updated_at, owner_id)
VALUES (0xC99EF5AE712E4576A709C9B9DF32BEC1, '2025-03-20 11:54:31.950709', 'This dedicated team is formed to ensure coordinated and compassionate care for Charles N\'Diaye during his hospital stay.', 'Charles\'s Care', '2025-03-20 11:54:31.950709', 0x11C0A2A6CE724736BA30A39F6113C916);

insert into memberships (id, created_at, status, updated_at, role_id, team_id, user_id)
values  (0x0E574C030E0148269A48EEAD53D1B6DB, '2025-03-20 14:34:06.000000', 'ACTIVE', '2025-03-20 14:34:12.000000', 0xDCAC3235057A11F09F72005056586FFC, 0xC99EF5AE712E4576A709C9B9DF32BEC1, 0x4A931A971CCF48FAAFE044E9EB41AB62),
        (0x0FD6D92627DB46F4A26722A6FF183074, '2025-03-20 14:27:52.000000', 'ACTIVE', '2025-03-20 14:28:13.000000', 0xDCAC3235057A11F09F72005056586FFC, 0xC99EF5AE712E4576A709C9B9DF32BEC1, 0x73669C50DC104395AF1146738AF40214),
        (0x26751B008AA841E8BDBD327B0542A48C, '2025-03-20 14:34:06.000000', 'ACTIVE', '2025-03-20 14:34:12.000000', 0xDCBF32AF057A11F09F72005056586FFC, 0xC99EF5AE712E4576A709C9B9DF32BEC1, 0x22595CCACA8E42EB933B2AFB909DEA5C),
        (0x48EDCC30C1AB4792B3786BDFDE17B562, '2025-03-20 11:54:31.941087', 'ACTIVE', '2025-03-20 11:54:31.941087', 0xDD6138CE057A11F09F72005056586FFC, 0xC99EF5AE712E4576A709C9B9DF32BEC1, 0x11C0A2A6CE724736BA30A39F6113C916),
        (0x7F4F55B68D3942AFB3E0EE8F0AFF1D3A, '2025-03-20 14:41:23.000000', 'ACTIVE', '2025-03-20 14:41:27.000000', 0xDCAC3235057A11F09F72005056586FFC, 0xC99EF5AE712E4576A709C9B9DF32BEC1, 0x987D721A07DA45E8AC471276C13F6FD9),
        (0xC9119259BB964F8199D1902F8BAAD0C6, '2025-03-20 14:34:06.000000', 'ACTIVE', '2025-03-20 14:34:12.000000', 0xDD1069F8057A11F09F72005056586FFC, 0xC99EF5AE712E4576A709C9B9DF32BEC1, 0x17E698FF56B4491DA5159F5720DF9771),
        (0xD3ADEEEFB08C468D8EDA6EBAC25A3BF2, '2025-03-20 14:34:06.000000', 'ACTIVE', '2025-03-20 14:34:12.000000', 0xDCAC3235057A11F09F72005056586FFC, 0xC99EF5AE712E4576A709C9B9DF32BEC1, 0x3ADA0EEA010E457FA3B9CD33B522A823),
        (0xF439CFDFD7194722881A911E37BB8838, '2025-03-20 14:34:06.000000', 'ACTIVE', '2025-03-20 14:34:12.000000', 0xDCF0E186057A11F09F72005056586FFC, 0xC99EF5AE712E4576A709C9B9DF32BEC1, 0x60C06F8B2B904A3DAED44DC6EEEB0DB2);